start_lat,start_lon,end_lat,end_lon
41.8657555523296,-87.68484261360975,41.91843294658821,-87.61795160281115
